[{"model": "forum.forum", "pk": 1, "fields": {"created": "2017-09-28T02:53:23.393Z", "updated": "2017-09-28T02:53:23.393Z", "parent": null, "name": "My first category", "slug": "my-first-category", "description": "", "image": "", "link": null, "link_redirects": false, "type": 1, "direct_posts_count": 0, "direct_topics_count": 0, "link_redirects_count": 0, "last_post": null, "last_post_on": null, "display_sub_forum_list": true, "_description_rendered": "<p></p>", "lft": 1, "rght": 12, "tree_id": 1, "level": 0}}, {"model": "forum.forum", "pk": 2, "fields": {"created": "2017-09-28T02:54:03.024Z", "updated": "2017-09-29T07:24:47.711Z", "parent": 1, "name": "My first forum", "slug": "my-first-forum", "description": "Description of your **first** forum.", "image": "", "link": null, "link_redirects": false, "type": 0, "direct_posts_count": 5, "direct_topics_count": 4, "link_redirects_count": 0, "last_post": 1, "last_post_on": "2017-09-28T03:00:27.507Z", "display_sub_forum_list": true, "_description_rendered": "<p>Description of your <strong>first</strong> forum.</p>", "lft": 2, "rght": 7, "tree_id": 1, "level": 1}}, {"model": "forum.forum", "pk": 3, "fields": {"created": "2017-09-28T02:54:38.714Z", "updated": "2017-09-28T02:54:38.714Z", "parent": 2, "name": "A simple sub forum 1", "slug": "a-simple-sub-forum-1", "description": "A *simple* description...", "image": "", "link": null, "link_redirects": false, "type": 0, "direct_posts_count": 0, "direct_topics_count": 0, "link_redirects_count": 0, "last_post": null, "last_post_on": null, "display_sub_forum_list": true, "_description_rendered": "<p>A <em>simple</em> description...</p>", "lft": 3, "rght": 4, "tree_id": 1, "level": 2}}, {"model": "forum.forum", "pk": 4, "fields": {"created": "2017-09-28T02:54:50.230Z", "updated": "2017-09-28T02:54:50.230Z", "parent": 2, "name": "A simple sub forum 2", "slug": "a-simple-sub-forum-2", "description": "A *simple* description...", "image": "", "link": null, "link_redirects": false, "type": 0, "direct_posts_count": 0, "direct_topics_count": 0, "link_redirects_count": 0, "last_post": null, "last_post_on": null, "display_sub_forum_list": true, "_description_rendered": "<p>A <em>simple</em> description...</p>", "lft": 5, "rght": 6, "tree_id": 1, "level": 2}}, {"model": "forum.forum", "pk": 5, "fields": {"created": "2017-09-28T02:55:10.105Z", "updated": "2017-09-28T02:55:10.105Z", "parent": 1, "name": "Another forum", "slug": "another-forum", "description": "Short *description*", "image": "", "link": null, "link_redirects": false, "type": 0, "direct_posts_count": 0, "direct_topics_count": 0, "link_redirects_count": 0, "last_post": null, "last_post_on": null, "display_sub_forum_list": true, "_description_rendered": "<p>Short <em>description</em></p>", "lft": 8, "rght": 9, "tree_id": 1, "level": 1}}, {"model": "forum.forum", "pk": 6, "fields": {"created": "2017-09-28T02:55:34.266Z", "updated": "2017-09-28T02:55:34.266Z", "parent": 1, "name": "A simple link", "slug": "a-simple-link", "description": "*Click me!*", "image": "", "link": "https://github.com/ellmetha/django-machina", "link_redirects": true, "type": 2, "direct_posts_count": 0, "direct_topics_count": 0, "link_redirects_count": 0, "last_post": null, "last_post_on": null, "display_sub_forum_list": true, "_description_rendered": "<p><em>Click me!</em></p>", "lft": 10, "rght": 11, "tree_id": 1, "level": 1}}, {"model": "forum.forum", "pk": 7, "fields": {"created": "2017-09-28T02:56:18.446Z", "updated": "2017-09-28T02:56:18.446Z", "parent": null, "name": "Forum #1", "slug": "forum-1", "description": "Simple **description**", "image": "", "link": null, "link_redirects": false, "type": 0, "direct_posts_count": 0, "direct_topics_count": 0, "link_redirects_count": 0, "last_post": null, "last_post_on": null, "display_sub_forum_list": true, "_description_rendered": "<p>Simple <strong>description</strong></p>", "lft": 1, "rght": 2, "tree_id": 2, "level": 0}}, {"model": "forum.forum", "pk": 8, "fields": {"created": "2017-09-28T02:56:30.728Z", "updated": "2017-09-28T02:56:30.728Z", "parent": null, "name": "Forum #2", "slug": "forum-2", "description": "Simple **description**", "image": "", "link": null, "link_redirects": false, "type": 0, "direct_posts_count": 0, "direct_topics_count": 0, "link_redirects_count": 0, "last_post": null, "last_post_on": null, "display_sub_forum_list": true, "_description_rendered": "<p>Simple <strong>description</strong></p>", "lft": 1, "rght": 2, "tree_id": 3, "level": 0}}]