[{"model": "forum_polls.topicpoll", "pk": 1, "fields": {"created": "2017-09-28T02:57:15.050Z", "updated": "2017-09-28T02:57:47.316Z", "topic": 1, "question": "", "duration": 0, "max_options": 1, "user_changes": false}}, {"model": "forum_polls.topicpoll", "pk": 2, "fields": {"created": "2017-09-28T02:58:08.846Z", "updated": "2017-09-28T02:58:08.865Z", "topic": 2, "question": "", "duration": 0, "max_options": 1, "user_changes": false}}, {"model": "forum_polls.topicpoll", "pk": 3, "fields": {"created": "2017-09-28T02:59:32.267Z", "updated": "2017-09-28T02:59:32.291Z", "topic": 3, "question": "What do you want to eat?", "duration": 0, "max_options": 1, "user_changes": false}}, {"model": "forum_polls.topicpoll", "pk": 4, "fields": {"created": "2017-09-28T03:00:16.919Z", "updated": "2017-09-28T03:00:16.932Z", "topic": 4, "question": "", "duration": 0, "max_options": 1, "user_changes": false}}]