[{"model": "forum_polls.topicpolloption", "pk": 1, "fields": {"poll": 3, "text": "Tomato"}}, {"model": "forum_polls.topicpolloption", "pk": 2, "fields": {"poll": 3, "text": "Hot dog"}}, {"model": "forum_polls.topicpolloption", "pk": 3, "fields": {"poll": 3, "text": "Orange"}}, {"model": "forum_polls.topicpolloption", "pk": 4, "fields": {"poll": 3, "text": "Ice crean"}}, {"model": "forum_polls.topicpolloption", "pk": 5, "fields": {"poll": 3, "text": "Pizza"}}, {"model": "forum_polls.topicpolloption", "pk": 6, "fields": {"poll": 3, "text": "Potatoes"}}, {"model": "forum_polls.topicpolloption", "pk": 7, "fields": {"poll": 3, "text": "Bread"}}]