[{"model": "forum_conversation.post", "pk": 1, "fields": {"created": "2017-09-28T02:57:14.914Z", "updated": "2017-09-28T02:57:47.171Z", "topic": 1, "poster": 1, "poster_ip": "127.0.0.1", "anonymous_key": null, "subject": "This is an announce", "content": "**An annonce will appear on *each* page of a forum...**", "username": null, "approved": true, "enable_signature": true, "update_reason": null, "updated_by": 1, "updates_count": 1, "_content_rendered": "<p><strong>An annonce will appear on <em>each</em> page of a forum...</strong></p>"}}, {"model": "forum_conversation.post", "pk": 2, "fields": {"created": "2017-09-28T02:58:08.712Z", "updated": "2017-09-28T02:58:08.712Z", "topic": 2, "poster": 1, "poster_ip": "127.0.0.1", "anonymous_key": null, "subject": "Sticky example", "content": "*A sticky topic will be sticky on the top of the topic list...*", "username": null, "approved": true, "enable_signature": true, "update_reason": null, "updated_by": null, "updates_count": 0, "_content_rendered": "<p><em>A sticky topic will be sticky on the top of the topic list...</em></p>"}}, {"model": "forum_conversation.post", "pk": 3, "fields": {"created": "2017-09-28T02:59:32.132Z", "updated": "2017-09-28T02:59:32.132Z", "topic": 3, "poster": 1, "poster_ip": "127.0.0.1", "anonymous_key": null, "subject": "Poll example", "content": "This is a **poll** example ;)", "username": null, "approved": true, "enable_signature": true, "update_reason": null, "updated_by": null, "updates_count": 0, "_content_rendered": "<p>This is a <strong>poll</strong> example ;)</p>"}}, {"model": "forum_conversation.post", "pk": 4, "fields": {"created": "2017-09-28T03:00:16.729Z", "updated": "2017-09-28T03:00:16.730Z", "topic": 4, "poster": 1, "poster_ip": "127.0.0.1", "anonymous_key": null, "subject": "Test topic", "content": "# Lorem ipsum\r\n\r\nLorem ipsum dolor sit amet, consectetur adipiscing elit. Phasellus vitae consectetur augue, ac mattis orci. Duis nec diam id diam ullamcorper aliquam. Mauris eleifend libero sapien. Nulla a orci lorem. Vestibulum libero mi, tincidunt volutpat dui in, varius vulputate risus. Interdum et malesuada fames ac ante ipsum primis in faucibus. Morbi feugiat pharetra luctus. Praesent egestas velit nec erat sollicitudin eleifend. Aliquam rutrum rhoncus sagittis. In accumsan elementum vestibulum. Maecenas pellentesque dignissim tortor, non pharetra massa posuere convallis. Morbi id blandit nibh. Phasellus urna nisl, semper dapibus diam non, hendrerit tempus mi. Nunc vulputate dui sed elit laoreet tempus.\r\n\r\n# Sed aliquam\r\n\r\nSed aliquam nisl eget dui ornare porttitor. Etiam id dolor quis ipsum laoreet sagittis ac eget erat. Cras ac lorem convallis, facilisis lacus in, cursus eros. Donec elementum tincidunt facilisis. Praesent lectus mi, lobortis at turpis quis, gravida interdum est. Integer ac aliquam dui. Cras semper leo eros, nec aliquet neque faucibus sed. Pellentesque lectus elit, egestas eu tincidunt eget, tempor id neque. Praesent tincidunt, lorem mollis egestas faucibus, nulla nunc lobortis urna, sed pretium lacus metus nec lacus. Curabitur gravida sodales lorem consequat venenatis. Morbi vehicula odio sit amet congue ultrices. Aenean tincidunt dignissim congue. Quisque diam est, efficitur vel suscipit molestie, interdum sit amet nibh. Suspendisse eleifend tellus orci, sit amet imperdiet nibh pulvinar at. Aenean posuere massa eu massa rhoncus, a consectetur risus varius.\r\n\r\n# Donec non tortor\r\n\r\nDonec non tortor risus. Integer ut nibh vel velit venenatis iaculis non id erat. Cras faucibus risus maximus varius egestas. Proin cursus ullamcorper mi, vitae suscipit odio gravida vel. Aliquam vehicula lorem gravida ultricies volutpat. Ut maximus, nisl interdum lobortis vulputate, neque nibh auctor nunc, et porttitor nulla est vel lectus. Aliquam ut sem sem. Sed at consectetur ligula. In sit amet placerat ipsum.", "username": null, "approved": true, "enable_signature": true, "update_reason": null, "updated_by": null, "updates_count": 0, "_content_rendered": "<h1>Lorem ipsum</h1>\n\n<p>Lorem ipsum dolor sit amet, consectetur adipiscing elit. Phasellus vitae consectetur augue, ac mattis orci. Duis nec diam id diam ullamcorper aliquam. Mauris eleifend libero sapien. Nulla a orci lorem. Vestibulum libero mi, tincidunt volutpat dui in, varius vulputate risus. Interdum et malesuada fames ac ante ipsum primis in faucibus. Morbi feugiat pharetra luctus. Praesent egestas velit nec erat sollicitudin eleifend. Aliquam rutrum rhoncus sagittis. In accumsan elementum vestibulum. Maecenas pellentesque dignissim tortor, non pharetra massa posuere convallis. Morbi id blandit nibh. Phasellus urna nisl, semper dapibus diam non, hendrerit tempus mi. Nunc vulputate dui sed elit laoreet tempus.</p>\n\n<h1>Sed aliquam</h1>\n\n<p>Sed aliquam nisl eget dui ornare porttitor. Etiam id dolor quis ipsum laoreet sagittis ac eget erat. Cras ac lorem convallis, facilisis lacus in, cursus eros. Donec elementum tincidunt facilisis. Praesent lectus mi, lobortis at turpis quis, gravida interdum est. Integer ac aliquam dui. Cras semper leo eros, nec aliquet neque faucibus sed. Pellentesque lectus elit, egestas eu tincidunt eget, tempor id neque. Praesent tincidunt, lorem mollis egestas faucibus, nulla nunc lobortis urna, sed pretium lacus metus nec lacus. Curabitur gravida sodales lorem consequat venenatis. Morbi vehicula odio sit amet congue ultrices. Aenean tincidunt dignissim congue. Quisque diam est, efficitur vel suscipit molestie, interdum sit amet nibh. Suspendisse eleifend tellus orci, sit amet imperdiet nibh pulvinar at. Aenean posuere massa eu massa rhoncus, a consectetur risus varius.</p>\n\n<h1>Donec non tortor</h1>\n\n<p>Donec non tortor risus. Integer ut nibh vel velit venenatis iaculis non id erat. Cras faucibus risus maximus varius egestas. Proin cursus ullamcorper mi, vitae suscipit odio gravida vel. Aliquam vehicula lorem gravida ultricies volutpat. Ut maximus, nisl interdum lobortis vulputate, neque nibh auctor nunc, et porttitor nulla est vel lectus. Aliquam ut sem sem. Sed at consectetur ligula. In sit amet placerat ipsum.</p>"}}, {"model": "forum_conversation.post", "pk": 5, "fields": {"created": "2017-09-28T03:00:27.507Z", "updated": "2017-09-28T03:00:27.507Z", "topic": 4, "poster": 1, "poster_ip": "127.0.0.1", "anonymous_key": null, "subject": "Re: Test topic", "content": "This is a response.", "username": null, "approved": true, "enable_signature": true, "update_reason": null, "updated_by": null, "updates_count": 0, "_content_rendered": "<p>This is a response.</p>"}}]