[{"model": "forum_conversation.topic", "pk": 1, "fields": {"created": "2017-09-28T02:57:14.839Z", "updated": "2017-09-28T02:57:47.224Z", "forum": 2, "poster": 1, "subject": "This is an announce", "slug": "this-is-an-announce", "type": 2, "status": 0, "approved": true, "posts_count": 1, "views_count": 3, "last_post_on": "2017-09-28T02:57:14.914Z", "first_post": 1, "last_post": 1, "subscribers": []}}, {"model": "forum_conversation.topic", "pk": 2, "fields": {"created": "2017-09-28T02:58:08.658Z", "updated": "2017-09-28T02:58:08.764Z", "forum": 2, "poster": 1, "subject": "Sticky example", "slug": "sticky-example", "type": 1, "status": 0, "approved": true, "posts_count": 1, "views_count": 1, "last_post_on": "2017-09-28T02:58:08.712Z", "first_post": 2, "last_post": 2, "subscribers": []}}, {"model": "forum_conversation.topic", "pk": 3, "fields": {"created": "2017-09-28T02:59:32.088Z", "updated": "2017-09-28T02:59:32.173Z", "forum": 2, "poster": 1, "subject": "Poll example", "slug": "poll-example", "type": 0, "status": 0, "approved": true, "posts_count": 1, "views_count": 1, "last_post_on": "2017-09-28T02:59:32.132Z", "first_post": 3, "last_post": 3, "subscribers": []}}, {"model": "forum_conversation.topic", "pk": 4, "fields": {"created": "2017-09-28T03:00:16.674Z", "updated": "2017-09-28T03:00:27.569Z", "forum": 2, "poster": 1, "subject": "Test topic", "slug": "test-topic", "type": 0, "status": 0, "approved": true, "posts_count": 2, "views_count": 3, "last_post_on": "2017-09-28T03:00:27.507Z", "first_post": 4, "last_post": 5, "subscribers": []}}]